name,url,img
PROFUMI,https://liveonplus.it/index.php?route=product/category&path=99,
MAN,https://liveonplus.it/index.php?route=product/category&path=99_100,
100 ML,https://liveonplus.it/index.php?route=product/category&path=99_100_101,
30 ML,https://liveonplus.it/index.php?route=product/category&path=99_100_102,
3 ML,https://liveonplus.it/index.php?route=product/category&path=99_100_104,
WOMAN,https://liveonplus.it/index.php?route=product/category&path=99_105,
100 ML,https://liveonplus.it/index.php?route=product/category&path=99_105_108,
30 ML,https://liveonplus.it/index.php?route=product/category&path=99_105_111,
3 ML,https://liveonplus.it/index.php?route=product/category&path=99_105_117,
UNISEX,https://liveonplus.it/index.php?route=product/category&path=99_106,
100 ML,https://liveonplus.it/index.php?route=product/category&path=99_106_109,
30 ML,https://liveonplus.it/index.php?route=product/category&path=99_106_112,
3 ML,https://liveonplus.it/index.php?route=product/category&path=99_106_118,
NICHES-EXTRAIT DE PARFUM,https://liveonplus.it/index.php?route=product/category&path=99_107,
50 ML,https://liveonplus.it/index.php?route=product/category&path=99_107_110,
15 ML,https://liveonplus.it/index.php?route=product/category&path=99_107_116,
3 ML,https://liveonplus.it/index.php?route=product/category&path=99_107_119,
CURA CORPO,https://liveonplus.it/index.php?route=product/category&path=126,
LINEA VISO,https://liveonplus.it/index.php?route=product/category&path=126_127,
ACQUA MICELLARE,https://liveonplus.it/index.php?route=product/category&path=126_127_135,
BIFASICO,https://liveonplus.it/index.php?route=product/category&path=126_127_136,
CONTORNO OCCHI,https://liveonplus.it/index.php?route=product/category&path=126_127_137,
CREMA VISO,https://liveonplus.it/index.php?route=product/category&path=126_127_138,
ESFOLIANTE,https://liveonplus.it/index.php?route=product/category&path=126_127_139,
DETERGENTE,https://liveonplus.it/index.php?route=product/category&path=126_127_140,
LATTE DETERGENTE,https://liveonplus.it/index.php?route=product/category&path=126_127_141,
MASCHERA VISO,https://liveonplus.it/index.php?route=product/category&path=126_127_142,
SCRUB VISO,https://liveonplus.it/index.php?route=product/category&path=126_127_143,
SIERO VISO,https://liveonplus.it/index.php?route=product/category&path=126_127_144,
STRUCCANTE,https://liveonplus.it/index.php?route=product/category&path=183_203_145,
TONICO,https://liveonplus.it/index.php?route=product/category&path=126_127_146,
LINEA CORPO,https://liveonplus.it/index.php?route=product/category&path=126_128,
CREMA CORPO,https://liveonplus.it/index.php?route=product/category&path=126_128_148,
CREMA MANI,https://liveonplus.it/index.php?route=product/category&path=126_128_149,
FANGO,https://liveonplus.it/index.php?route=product/category&path=126_128_150,
SCRUB & TALASSO,https://liveonplus.it/index.php?route=product/category&path=126_128_155,
LINEA OLI,https://liveonplus.it/index.php?route=product/category&path=126_129,
PURI,https://liveonplus.it/index.php?route=product/category&path=126_129_133,
MULTIUSO,https://liveonplus.it/index.php?route=product/category&path=126_129_134,
LINEA MAN,https://liveonplus.it/index.php?route=product/category&path=126_130,
BARBA,https://liveonplus.it/index.php?route=product/category&path=126_130_131,
CURA VISO,https://liveonplus.it/index.php?route=product/category&path=126_130_220,
LINEA KIDS,https://liveonplus.it/index.php?route=product/category&path=126_298,
SALI DA BAGNO,https://liveonplus.it/index.php?route=product/category&path=126_128_300,
SALUTE & CURA,https://liveonplus.it/index.php?route=product/category&path=126_301,
LINEA SOLARI,https://liveonplus.it/index.php?route=product/category&path=126_294,
OLIO,https://liveonplus.it/index.php?route=product/category&path=126_294_296,
PROTEZIONE,https://liveonplus.it/index.php?route=product/category&path=126_294_297,
PROTEZIONI KIDS,https://liveonplus.it/index.php?route=product/category&path=126_294_299,
UNGUENTO,https://liveonplus.it/index.php?route=product/category&path=126_294_295,
CURA CAPELLI,https://liveonplus.it/index.php?route=product/category&path=156,
MASCHERE,https://liveonplus.it/index.php?route=product/category&path=156_157,
SHAMPOO,https://liveonplus.it/index.php?route=product/category&path=156_162,
LOZIONI,https://liveonplus.it/index.php?route=product/category&path=156_170,
STYLING,https://liveonplus.it/index.php?route=product/category&path=156_179,
MAKE UP,https://liveonplus.it/index.php?route=product/category&path=183,
VISO,https://liveonplus.it/index.php?route=product/category&path=183_203,
FONDOTINTA COMPATTO,https://liveonplus.it/index.php?route=product/category&path=183_203_204,
FONDOTINTA LUNGA TENUTA SPF25,https://liveonplus.it/index.php?route=product/category&path=183_203_205,
FONDOTINTA IDRATANTE,https://liveonplus.it/index.php?route=product/category&path=183_203_206,
BLUSH COMPATTO,https://liveonplus.it/index.php?route=product/category&path=183_203_207,
BLUSH LIQUIDO,https://liveonplus.it/index.php?route=product/category&path=183_203_208,
BB CREAM,https://liveonplus.it/index.php?route=product/category&path=183_203_209,
MAGIC CREAM,https://liveonplus.it/index.php?route=product/category&path=183_203_210,
CIPRIA COMPATTA,https://liveonplus.it/index.php?route=product/category&path=183_203_211,
CIPRIA IN POLVERE,https://liveonplus.it/index.php?route=product/category&path=183_203_212,
CORRETTORE LIQUIDO,https://liveonplus.it/index.php?route=product/category&path=183_203_213,
CORRETTORRE STICK,https://liveonplus.it/index.php?route=product/category&path=183_203_214,
ILLUMINANTE,https://liveonplus.it/index.php?route=product/category&path=183_203_215,
CONTOURING,https://liveonplus.it/index.php?route=product/category&path=183_203_216,
PRIMER,https://liveonplus.it/index.php?route=product/category&path=183_203_217,
TERRA ABBRONZANTE,https://liveonplus.it/index.php?route=product/category&path=183_203_218,
FISSATORE TRUCCO,https://liveonplus.it/index.php?route=product/category&path=183_203_219,
LABBRA,https://liveonplus.it/index.php?route=product/category&path=183_187,
LIP OIL,https://liveonplus.it/index.php?route=product/category&path=183_187_188,
VOLUMIZZANTI,https://liveonplus.it/index.php?route=product/category&path=183_187_189,
ROSSETTI,https://liveonplus.it/index.php?route=product/category&path=183_187_190,
TINTE,https://liveonplus.it/index.php?route=product/category&path=183_187_191,
MATITE,https://liveonplus.it/index.php?route=product/category&path=183_187_192,
MATITE RETRAIBILI,https://liveonplus.it/index.php?route=product/category&path=183_187_193,
OCCHI,https://liveonplus.it/index.php?route=product/category&path=183_194,
CIGLIA & SOPRACCIGLIA,https://liveonplus.it/index.php?route=product/category&path=183_194_195,
PALETTE 12 COLORI,https://liveonplus.it/index.php?route=product/category&path=183_194_196,
PALETTE 4 COLORI,https://liveonplus.it/index.php?route=product/category&path=183_194_197,
EYELINER,https://liveonplus.it/index.php?route=product/category&path=183_194_198,
MASCARA,https://liveonplus.it/index.php?route=product/category&path=183_194_199,
MATITE,https://liveonplus.it/index.php?route=product/category&path=183_194_200,
MATITE RETRAIBILI,https://liveonplus.it/index.php?route=product/category&path=183_194_201,
MATITE A CERA,https://liveonplus.it/index.php?route=product/category&path=183_194_202,
NAILS,https://liveonplus.it/index.php?route=product/category&path=183_277,
CURATIVI,https://liveonplus.it/index.php?route=product/category&path=183_277_282,
GEL EFFECT,https://liveonplus.it/index.php?route=product/category&path=183_277_280,
MAT EFFECT,https://liveonplus.it/index.php?route=product/category&path=183_277_281,
DETERGENZA CASA,https://liveonplus.it/index.php?route=product/category&path=120,
BAGNO,https://liveonplus.it/index.php?route=product/category&path=120_122,
BUCATO,https://liveonplus.it/index.php?route=product/category&path=120_121,
CUCINA ED ELETTRODOMESTICI,https://liveonplus.it/index.php?route=product/category&path=120_123,
CLIMATIZZATORI,https://liveonplus.it/index.php?route=product/category&path=120_125,
COMPLEMENTI,https://liveonplus.it/index.php?route=product/category&path=120_226,
SUPERFICI E PAVIMENTI,https://liveonplus.it/index.php?route=product/category&path=120_124,
MONODOSI,https://liveonplus.it/index.php?route=product/category&path=92,
LINEA VISO,https://liveonplus.it/index.php?route=product/category&path=92_93,
LINEA CORPO,https://liveonplus.it/index.php?route=product/category&path=92_94,
LINEA MAN,https://liveonplus.it/index.php?route=product/category&path=92_95,
LINEA OLI,https://liveonplus.it/index.php?route=product/category&path=92_96,
HAIR CARE,https://liveonplus.it/index.php?route=product/category&path=92_97,
MAKE UP,https://liveonplus.it/index.php?route=product/category&path=92_98,
INTEGRAZIONE,https://liveonplus.it/index.php?route=product/category&path=221,
PROFUMATORI CASA,https://liveonplus.it/index.php?route=product/category&path=229,
HAIR EXTENSION,https://liveonplus.it/index.php?route=product/category&path=230,
CODE,https://liveonplus.it/index.php?route=product/category&path=230_232,
MAKE UP EXCLUSIVE,https://liveonplus.it/index.php?route=product/category&path=243,
VISO,https://liveonplus.it/index.php?route=product/category&path=243_244,
BLUSH COMPATTO,https://liveonplus.it/index.php?route=product/category&path=243_244_245,
CIPRIA COMPATTA,https://liveonplus.it/index.php?route=product/category&path=243_244_246,
CIPRIA IN POLVERE,https://liveonplus.it/index.php?route=product/category&path=243_244_247,
TERRA COTTA,https://liveonplus.it/index.php?route=product/category&path=243_244_248,
FONDOTINTA IDRATANTE,https://liveonplus.it/index.php?route=product/category&path=243_244_249,
FONDOTINTA COMPATTO WET & DRY,https://liveonplus.it/index.php?route=product/category&path=243_244_250,
FONDOTINTA EFFETTO OPACO,https://liveonplus.it/index.php?route=product/category&path=243_244_251,
LABBRA,https://liveonplus.it/index.php?route=product/category&path=243_252,
MATITA LABBRA,https://liveonplus.it/index.php?route=product/category&path=243_252_253,
PRIMER LABBRA,https://liveonplus.it/index.php?route=product/category&path=243_252_255,
LIPGLOSS,https://liveonplus.it/index.php?route=product/category&path=243_252_256,
ROSSETTI STICK PERLATI,https://liveonplus.it/index.php?route=product/category&path=243_252_257,
ROSSETTI STICK MATT,https://liveonplus.it/index.php?route=product/category&path=243_252_258,
ROSSETTO LIQUIDO PERLATO,https://liveonplus.it/index.php?route=product/category&path=243_252_259,
ROSSETTI LIQUIDO MATT,https://liveonplus.it/index.php?route=product/category&path=243_252_260,
OCCHI,https://liveonplus.it/index.php?route=product/category&path=243_261,
EYELINER,https://liveonplus.it/index.php?route=product/category&path=243_261_262,
MASCARA,https://liveonplus.it/index.php?route=product/category&path=243_261_263,
MATITE KAJAL,https://liveonplus.it/index.php?route=product/category&path=243_261_264,
MATITE OCCHI,https://liveonplus.it/index.php?route=product/category&path=243_261_265,
MATITE OCCHI RETRAIBILI,https://liveonplus.it/index.php?route=product/category&path=243_261_266,
OMBRETTI MATT,https://liveonplus.it/index.php?route=product/category&path=243_261_267,
OMBRETTI SHINE,https://liveonplus.it/index.php?route=product/category&path=243_261_268,
PRIMER OCCHI,https://liveonplus.it/index.php?route=product/category&path=243_261_269,
SOPRACCIGLIA,https://liveonplus.it/index.php?route=product/category&path=243_270,
MASCARA SOPRACCIGLIA,https://liveonplus.it/index.php?route=product/category&path=243_270_271,
MATITE SOPRACCIGLIA,https://liveonplus.it/index.php?route=product/category&path=243_270_272,
PROMOZIONI,https://liveonplus.it/index.php?route=product/category&path=275,
MATERIALE MARKETING,https://liveonplus.it/index.php?route=product/category&path=89,
CATALOGHI E LISTINI,https://liveonplus.it/index.php?route=product/category&path=89_283,
KIT,https://liveonplus.it/index.php?route=product/category&path=89_91,
MATERIALE LAVORATIVO,https://liveonplus.it/index.php?route=product/category&path=89_285,
GADGET,https://liveonplus.it/index.php?route=product/category&path=89_285_279,
GIFT BOX,https://liveonplus.it/index.php?route=product/category&path=89_285_233,
SHOPPER,https://liveonplus.it/index.php?route=product/category&path=89_285_234,
STORE PLUS,https://liveonplus.it/index.php?route=product/category&path=286,
HAIR CARE,https://liveonplus.it/index.php?route=product/category&path=286_287,
MAKE UP,https://liveonplus.it/index.php?route=product/category&path=286_288,
SKIN CARE,https://liveonplus.it/index.php?route=product/category&path=286_289,
SUN CARE,https://liveonplus.it/index.php?route=product/category&path=286_290,
INTEGRAZIONE,https://liveonplus.it/index.php?route=product/category&path=221,
PROFUMATORI CASA,https://liveonplus.it/index.php?route=product/category&path=229,
PROMOZIONI,https://liveonplus.it/index.php?route=product/category&path=275,
PROFUMI,https://liveonplus.it/index.php?route=product/category&path=99,
MAN,https://liveonplus.it/index.php?route=product/category&path=99_100,
100 ML,https://liveonplus.it/index.php?route=product/category&path=99_100_101,
30 ML,https://liveonplus.it/index.php?route=product/category&path=99_100_102,
3 ML,https://liveonplus.it/index.php?route=product/category&path=99_100_104,
WOMAN,https://liveonplus.it/index.php?route=product/category&path=99_105,
100 ML,https://liveonplus.it/index.php?route=product/category&path=99_105_108,
30 ML,https://liveonplus.it/index.php?route=product/category&path=99_105_111,
3 ML,https://liveonplus.it/index.php?route=product/category&path=99_105_117,
UNISEX,https://liveonplus.it/index.php?route=product/category&path=99_106,
100 ML,https://liveonplus.it/index.php?route=product/category&path=99_106_109,
30 ML,https://liveonplus.it/index.php?route=product/category&path=99_106_112,
3 ML,https://liveonplus.it/index.php?route=product/category&path=99_106_118,
NICHES-EXTRAIT DE PARFUM,https://liveonplus.it/index.php?route=product/category&path=99_107,
50 ML,https://liveonplus.it/index.php?route=product/category&path=99_107_110,
15 ML,https://liveonplus.it/index.php?route=product/category&path=99_107_116,
3 ML,https://liveonplus.it/index.php?route=product/category&path=99_107_119,
CURA CORPO,https://liveonplus.it/index.php?route=product/category&path=126,
LINEA KIDS,https://liveonplus.it/index.php?route=product/category&path=126_298,
SALI DA BAGNO,https://liveonplus.it/index.php?route=product/category&path=126_128_300,
SALUTE & CURA,https://liveonplus.it/index.php?route=product/category&path=126_301,
LINEA VISO,https://liveonplus.it/index.php?route=product/category&path=126_127,
ACQUA MICELLARE,https://liveonplus.it/index.php?route=product/category&path=126_127_135,
BIFASICO,https://liveonplus.it/index.php?route=product/category&path=126_127_136,
CONTORNO OCCHI,https://liveonplus.it/index.php?route=product/category&path=126_127_137,
CREMA VISO,https://liveonplus.it/index.php?route=product/category&path=126_127_138,
ESFOLIANTE,https://liveonplus.it/index.php?route=product/category&path=126_127_139,
DETERGENTE,https://liveonplus.it/index.php?route=product/category&path=126_127_140,
LATTE DETERGENTE,https://liveonplus.it/index.php?route=product/category&path=126_127_141,
MASCHERA VISO,https://liveonplus.it/index.php?route=product/category&path=126_127_142,
SCRUB VISO,https://liveonplus.it/index.php?route=product/category&path=126_127_143,
SIERO VISO,https://liveonplus.it/index.php?route=product/category&path=126_127_144,
STRUCCANTE,https://liveonplus.it/index.php?route=product/category&path=183_203_145,
TONICO,https://liveonplus.it/index.php?route=product/category&path=126_127_146,
LINEA CORPO,https://liveonplus.it/index.php?route=product/category&path=126_128,
CREMA CORPO,https://liveonplus.it/index.php?route=product/category&path=126_128_148,
CREMA MANI,https://liveonplus.it/index.php?route=product/category&path=126_128_149,
FANGO,https://liveonplus.it/index.php?route=product/category&path=126_128_150,
SCRUB & TALASSO,https://liveonplus.it/index.php?route=product/category&path=126_128_155,
LINEA OLI,https://liveonplus.it/index.php?route=product/category&path=126_129,
PURI,https://liveonplus.it/index.php?route=product/category&path=126_129_133,
MULTIUSO,https://liveonplus.it/index.php?route=product/category&path=126_129_134,
LINEA MAN,https://liveonplus.it/index.php?route=product/category&path=126_130,
BARBA,https://liveonplus.it/index.php?route=product/category&path=126_130_131,
CURA VISO,https://liveonplus.it/index.php?route=product/category&path=126_130_220,
LINEA SOLARI,https://liveonplus.it/index.php?route=product/category&path=126_294,
OLIO,https://liveonplus.it/index.php?route=product/category&path=126_294_296,
PROTEZIONE,https://liveonplus.it/index.php?route=product/category&path=126_294_297,
PROTEZIONI KIDS,https://liveonplus.it/index.php?route=product/category&path=126_294_299,
UNGUENTO,https://liveonplus.it/index.php?route=product/category&path=126_294_295,
CURA CAPELLI,https://liveonplus.it/index.php?route=product/category&path=156,
MASCHERE,https://liveonplus.it/index.php?route=product/category&path=156_157,
SHAMPOO,https://liveonplus.it/index.php?route=product/category&path=156_162,
LOZIONI,https://liveonplus.it/index.php?route=product/category&path=156_170,
STYLING,https://liveonplus.it/index.php?route=product/category&path=156_179,
MAKE UP,https://liveonplus.it/index.php?route=product/category&path=183,
VISO,https://liveonplus.it/index.php?route=product/category&path=183_203,
FONDOTINTA COMPATTO,https://liveonplus.it/index.php?route=product/category&path=183_203_204,
FONDOTINTA LUNGA TENUTA SPF25,https://liveonplus.it/index.php?route=product/category&path=183_203_205,
FONDOTINTA IDRATANTE,https://liveonplus.it/index.php?route=product/category&path=183_203_206,
BLUSH COMPATTO,https://liveonplus.it/index.php?route=product/category&path=183_203_207,
BLUSH LIQUIDO,https://liveonplus.it/index.php?route=product/category&path=183_203_208,
BB CREAM,https://liveonplus.it/index.php?route=product/category&path=183_203_209,
MAGIC CREAM,https://liveonplus.it/index.php?route=product/category&path=183_203_210,
CIPRIA COMPATTA,https://liveonplus.it/index.php?route=product/category&path=183_203_211,
CIPRIA IN POLVERE,https://liveonplus.it/index.php?route=product/category&path=183_203_212,
CORRETTORE LIQUIDO,https://liveonplus.it/index.php?route=product/category&path=183_203_213,
CORRETTORRE STICK,https://liveonplus.it/index.php?route=product/category&path=183_203_214,
ILLUMINANTE,https://liveonplus.it/index.php?route=product/category&path=183_203_215,
CONTOURING,https://liveonplus.it/index.php?route=product/category&path=183_203_216,
PRIMER,https://liveonplus.it/index.php?route=product/category&path=183_203_217,
TERRA ABBRONZANTE,https://liveonplus.it/index.php?route=product/category&path=183_203_218,
FISSATORE TRUCCO,https://liveonplus.it/index.php?route=product/category&path=183_203_219,
LABBRA,https://liveonplus.it/index.php?route=product/category&path=183_187,
LIP OIL,https://liveonplus.it/index.php?route=product/category&path=183_187_188,
VOLUMIZZANTI,https://liveonplus.it/index.php?route=product/category&path=183_187_189,
ROSSETTI,https://liveonplus.it/index.php?route=product/category&path=183_187_190,
TINTE,https://liveonplus.it/index.php?route=product/category&path=183_187_191,
MATITE,https://liveonplus.it/index.php?route=product/category&path=183_187_192,
MATITE RETRAIBILI,https://liveonplus.it/index.php?route=product/category&path=183_187_193,
OCCHI,https://liveonplus.it/index.php?route=product/category&path=183_194,
CIGLIA & SOPRACCIGLIA,https://liveonplus.it/index.php?route=product/category&path=183_194_195,
PALETTE 12 COLORI,https://liveonplus.it/index.php?route=product/category&path=183_194_196,
PALETTE 4 COLORI,https://liveonplus.it/index.php?route=product/category&path=183_194_197,
EYELINER,https://liveonplus.it/index.php?route=product/category&path=183_194_198,
MASCARA,https://liveonplus.it/index.php?route=product/category&path=183_194_199,
MATITE,https://liveonplus.it/index.php?route=product/category&path=183_194_200,
MATITE RETRAIBILI,https://liveonplus.it/index.php?route=product/category&path=183_194_201,
MATITE A CERA,https://liveonplus.it/index.php?route=product/category&path=183_194_202,
NAILS,https://liveonplus.it/index.php?route=product/category&path=183_277,
CURATIVI,https://liveonplus.it/index.php?route=product/category&path=183_277_282,
GEL EFFECT,https://liveonplus.it/index.php?route=product/category&path=183_277_280,
MAT EFFECT,https://liveonplus.it/index.php?route=product/category&path=183_277_281,
DETERGENZA CASA,https://liveonplus.it/index.php?route=product/category&path=120,
BAGNO,https://liveonplus.it/index.php?route=product/category&path=120_122,
BUCATO,https://liveonplus.it/index.php?route=product/category&path=120_121,
CUCINA ED ELETTRODOMESTICI,https://liveonplus.it/index.php?route=product/category&path=120_123,
CLIMATIZZATORI,https://liveonplus.it/index.php?route=product/category&path=120_125,
COMPLEMENTI,https://liveonplus.it/index.php?route=product/category&path=120_226,
SUPERFICI E PAVIMENTI,https://liveonplus.it/index.php?route=product/category&path=120_124,
MONODOSI,https://liveonplus.it/index.php?route=product/category&path=92,
LINEA VISO,https://liveonplus.it/index.php?route=product/category&path=92_93,
LINEA CORPO,https://liveonplus.it/index.php?route=product/category&path=92_94,
LINEA MAN,https://liveonplus.it/index.php?route=product/category&path=92_95,
LINEA OLI,https://liveonplus.it/index.php?route=product/category&path=92_96,
HAIR CARE,https://liveonplus.it/index.php?route=product/category&path=92_97,
MAKE UP,https://liveonplus.it/index.php?route=product/category&path=92_98,
HAIR EXTENSION,https://liveonplus.it/index.php?route=product/category&path=230,
CODE,https://liveonplus.it/index.php?route=product/category&path=230_232,
MAKE UP EXCLUSIVE,https://liveonplus.it/index.php?route=product/category&path=243,
VISO,https://liveonplus.it/index.php?route=product/category&path=243_244,
BLUSH COMPATTO,https://liveonplus.it/index.php?route=product/category&path=243_244_245,
CIPRIA COMPATTA,https://liveonplus.it/index.php?route=product/category&path=243_244_246,
CIPRIA IN POLVERE,https://liveonplus.it/index.php?route=product/category&path=243_244_247,
TERRA COTTA,https://liveonplus.it/index.php?route=product/category&path=243_244_248,
FONDOTINTA IDRATANTE,https://liveonplus.it/index.php?route=product/category&path=243_244_249,
FONDOTINTA COMPATTO WET & DRY,https://liveonplus.it/index.php?route=product/category&path=243_244_250,
FONDOTINTA EFFETTO OPACO,https://liveonplus.it/index.php?route=product/category&path=243_244_251,
LABBRA,https://liveonplus.it/index.php?route=product/category&path=243_252,
MATITA LABBRA,https://liveonplus.it/index.php?route=product/category&path=243_252_253,
PRIMER LABBRA,https://liveonplus.it/index.php?route=product/category&path=243_252_255,
LIPGLOSS,https://liveonplus.it/index.php?route=product/category&path=243_252_256,
ROSSETTI STICK PERLATI,https://liveonplus.it/index.php?route=product/category&path=243_252_257,
ROSSETTI STICK MATT,https://liveonplus.it/index.php?route=product/category&path=243_252_258,
ROSSETTO LIQUIDO PERLATO,https://liveonplus.it/index.php?route=product/category&path=243_252_259,
ROSSETTI LIQUIDO MATT,https://liveonplus.it/index.php?route=product/category&path=243_252_260,
OCCHI,https://liveonplus.it/index.php?route=product/category&path=243_261,
EYELINER,https://liveonplus.it/index.php?route=product/category&path=243_261_262,
MASCARA,https://liveonplus.it/index.php?route=product/category&path=243_261_263,
MATITE KAJAL,https://liveonplus.it/index.php?route=product/category&path=243_261_264,
MATITE OCCHI,https://liveonplus.it/index.php?route=product/category&path=243_261_265,
MATITE OCCHI RETRAIBILI,https://liveonplus.it/index.php?route=product/category&path=243_261_266,
OMBRETTI MATT,https://liveonplus.it/index.php?route=product/category&path=243_261_267,
OMBRETTI SHINE,https://liveonplus.it/index.php?route=product/category&path=243_261_268,
PRIMER OCCHI,https://liveonplus.it/index.php?route=product/category&path=243_261_269,
SOPRACCIGLIA,https://liveonplus.it/index.php?route=product/category&path=243_270,
MASCARA SOPRACCIGLIA,https://liveonplus.it/index.php?route=product/category&path=243_270_271,
MATITE SOPRACCIGLIA,https://liveonplus.it/index.php?route=product/category&path=243_270_272,
MATERIALE MARKETING,https://liveonplus.it/index.php?route=product/category&path=89,
CATALOGHI E LISTINI,https://liveonplus.it/index.php?route=product/category&path=89_283,
KIT,https://liveonplus.it/index.php?route=product/category&path=89_91,
MATERIALE LAVORATIVO,https://liveonplus.it/index.php?route=product/category&path=89_285,
GADGET,https://liveonplus.it/index.php?route=product/category&path=89_285_279,
GIFT BOX,https://liveonplus.it/index.php?route=product/category&path=89_285_233,
SHOPPER,https://liveonplus.it/index.php?route=product/category&path=89_285_234,
STORE PLUS,https://liveonplus.it/index.php?route=product/category&path=286,
HAIR CARE,https://liveonplus.it/index.php?route=product/category&path=286_287,
MAKE UP,https://liveonplus.it/index.php?route=product/category&path=286_288,
SKIN CARE,https://liveonplus.it/index.php?route=product/category&path=286_289,
SUN CARE,https://liveonplus.it/index.php?route=product/category&path=286_290,
