Scheda Link Live On Plus;;
Categoria Principale;Sottocategoria / Descrizione;Link (URL)
"Profumi ""PECCATI OLFATTIVI""";Generale;https://liveonplus.it/index.php?route=product/category&path=99
Man;;https://liveonplus.it/index.php?route=product/category&path=99_100
Woman;;https://liveonplus.it/index.php?route=product/category&path=99_105
Unisex;;https://liveonplus.it/index.php?route=product/category&path=99_106
Niche - Extrait de Parfum;;https://liveonplus.it/index.php?route=product/category&path=99_107
"Cura Corpo ""NUOVA SKIN""";Generale;https://liveonplus.it/index.php?route=product/category&path=126
Linea Viso;;https://liveonplus.it/index.php?route=product/category&path=126_127
Linea Corpo;;https://liveonplus.it/index.php?route=product/category&path=126_128
Linea Oli;;https://liveonplus.it/index.php?route=product/category&path=126_129
Linea Man;;https://liveonplus.it/index.php?route=product/category&path=126_130
Linea Kids;;https://liveonplus.it/index.php?route=product/category&path=126_298
Linea Solari;;https://liveonplus.it/index.php?route=product/category&path=126_294
"Cura Capelli ""NUOVA SKIN""";Generale;https://liveonplus.it/index.php?route=product/category&path=156
Maschere;;https://liveonplus.it/index.php?route=product/category&path=156_157
Shampoo;;https://liveonplus.it/index.php?route=product/category&path=156_162
Lozioni;;https://liveonplus.it/index.php?route=product/category&path=156_170
Styling;;https://liveonplus.it/index.php?route=product/category&path=156_179
"Make Up ""MYCOS""";Generale;https://liveonplus.it/index.php?route=product/category&path=183
Viso;;https://liveonplus.it/index.php?route=product/category&path=183_203
Labbra;;https://liveonplus.it/index.php?route=product/category&path=183_187
Occhi;;https://liveonplus.it/index.php?route=product/category&path=183_194
Nails;;https://liveonplus.it/index.php?route=product/category&path=183_277
"Hair Extetion ""CAPELLO PIU' """;;https://liveonplus.it/index.php?route=product/category&path=230
Code;;https://liveonplus.it/index.php?route=product/category&path=230_232
"Make Up Exclusive "" ELITE""";;https://liveonplus.it/index.php?route=product/category&path=243_244
Viso;;https://liveonplus.it/index.php?route=product/category&path=243_252
Labbra;;https://liveonplus.it/index.php?route=product/category&path=243_261
Occhi;;https://liveonplus.it/index.php?route=product/category&path=243_261
Sopracciglia;;https://liveonplus.it/index.php?route=product/category&path=243_270
"Detergenza Casa ""LUCCICA""";Generale;https://liveonplus.it/index.php?route=product/category&path=120
Bagno;;https://liveonplus.it/index.php?route=product/category&path=120_122
Bucato;;https://liveonplus.it/index.php?route=product/category&path=120_121
Cucina ed Elettrodomestici;;https://liveonplus.it/index.php?route=product/category&path=120_123
Superfici e Pavimenti;;https://liveonplus.it/index.php?route=product/category&path=120_124
Climatizzatori;;https://liveonplus.it/index.php?route=product/category&path=120_125
Profumatori Casa;Generale;https://liveonplus.it/index.php?route=product/category&path=229
"Integrazione ""INTEGRAMI""";Generale;https://liveonplus.it/index.php?route=product/category&path=221
Promozioni;Generale;https://liveonplus.it/index.php?route=product/category&path=275
Monodosi;Generale;https://liveonplus.it/index.php?route=product/category&path=92
Store Plus;Generale;https://liveonplus.it/index.php?route=product/category&path=286
;;
;;
;;
;;
;;
;;
;;
;;
;;
;;
;;
;;
;;
;;
;;
